"Date","IBM_Volume","IBM_AdjClose","Apple_Volume","Apple_AdjClose","MSFT_Volume","MSFT_AdjClose","Intel_Volume","Intel_AdjClose","SnP500","UST_Mo_1","UST_Mo_3","UST_Mo_6","UST_Yr_1","UST_Yr_2","UST_Yr_3","UST_Yr_5","UST_Yr_7","UST_Yr_10","UST_Yr_20","UST_Yr_30"
"2015-01-02","5525500","156.935251","53204600","106.918237","27913900","45.520756","23605600","34.989963",2058.199951,0.02,0.02,0.11,0.25,0.66,1.07,1.61,1.92,2.12,2.41,2.69
"2015-01-05","4880400","154.465885","64285500","103.906178","39673900","45.102155","32785000","34.595412",2020.579956,0.02,0.03,0.1,0.26,0.68,1.06,1.57,1.85,2.04,2.32,2.6
"2015-01-06","6146700","151.134679","65797100","103.91596","36447900","44.440176","30847600","33.950656",2002.609985,0.02,0.03,0.1,0.25,0.65,1.02,1.5,1.78,1.97,2.25,2.52
"2015-01-07","4701800","150.14693","40105900","105.373089","29114100","45.004803","27725200","34.662774",2025.900024,0.02,0.03,0.09,0.25,0.62,1,1.47,1.76,1.96,2.25,2.52
"2015-01-08","4236800","153.410357","59364500","109.421762","29645200","46.328761","31765400","35.307527",2062.139893,0.01,0.03,0.08,0.23,0.62,1,1.5,1.81,2.03,2.33,2.59
"2015-01-09","4484800","154.07854","53699500","109.539117","23942800","45.93936","22846000","35.374889",2044.810059,0.02,0.02,0.08,0.22,0.59,0.96,1.45,1.75,1.98,2.29,2.55
"2015-01-12","4182800","151.492974","49650800","106.84","23651900","45.364996","29400800","35.220918",2028.26001,0.02,0.03,0.09,0.19,0.56,0.91,1.39,1.69,1.92,2.23,2.49
"2015-01-13","4377500","151.851269","67091900","107.788603","35270600","45.131359","31478000","35.124688",2023.030029,0.02,0.03,0.08,0.2,0.54,0.88,1.37,1.67,1.91,2.24,2.49
"2015-01-14","4690300","150.873213","48337000","107.37787","29719600","44.741958","34250300","34.980338",2011.27002,0.02,0.04,0.09,0.18,0.51,0.83,1.33,1.62,1.86,2.2,2.47
"2015-01-15","4248400","149.682113","60014000","104.463604","32742300","44.27468","47181800","34.826367",1992.670044,0.03,0.03,0.08,0.16,0.44,0.75,1.22,1.53,1.77,2.12,2.4
"2015-01-16","5756000","152.170835","78513300","103.651911","35695300","45.01454","62812200","35.076572",2019.420044,0.02,0.03,0.07,0.17,0.49,0.8,1.29,1.6,1.83,2.17,2.44
"2015-01-20","8392800","151.986841","49899900","106.321692","36161900","45.160563","35929400","34.730136",2022.550049,0.01,0.03,0.08,0.17,0.53,0.85,1.31,1.61,1.82,2.15,2.39
"2015-01-21","11897100","147.280526","48575900","107.133385","39081100","44.703018","27442600","35.105441",2032.119995,0.01,0.03,0.08,0.17,0.53,0.87,1.35,1.66,1.87,2.2,2.44
"2015-01-22","6120100","150.476175","53796400","109.920514","35898000","45.880953","31809900","35.519239",2063.149902,0.02,0.03,0.08,0.17,0.53,0.9,1.39,1.69,1.9,2.21,2.46
"2015-01-23","4834800","150.940992","46464800","110.487721","26211600","45.929627","27427100","35.076572",2051.820068,0.02,0.02,0.07,0.17,0.52,0.86,1.33,1.62,1.81,2.12,2.38
"2015-01-26","7888100","151.415502","55615000","110.605069","42525500","45.76413","30906800","34.460688",2057.090088,0.02,0.03,0.08,0.18,0.54,0.89,1.36,1.64,1.83,2.14,2.4
"2015-01-27","5659600","148.810564","95568700","106.732426","169164000","41.529416","58456200","32.901727",2029.550049,0.02,0.02,0.08,0.17,0.54,0.87,1.34,1.62,1.83,2.15,2.4
"2015-01-28","4495900","146.757609","146477100","112.766317","84507100","40.098373","34929100","32.507175",2002.160034,0.02,0.02,0.08,0.17,0.5,0.81,1.25,1.53,1.73,2.05,2.29
"2015-01-29","8320800","150.563325","84436400","116.277127","63585300","40.896641","29569400","32.920973",2021.25,0.01,0.03,0.07,0.17,0.51,0.84,1.28,1.59,1.77,2.11,2.33
"2015-01-30","6563600","148.461948","83745500","114.575513","78004900","39.329313","38719700","31.795061",1994.98999,0.01,0.02,0.07,0.18,0.47,0.77,1.18,1.49,1.68,2.04,2.25
"2015-02-02","4712200","149.769263","62739100","116.013079","50352500","40.185988","38733800","32.382076",2020.849976,0.01,0.02,0.07,0.17,0.49,0.78,1.19,1.49,1.68,2.07,2.25
"2015-02-03","5539400","153.458779","51915700","116.032642","52082400","40.497507","36038300","32.430192",2050.030029,0.02,0.02,0.07,0.21,0.52,0.85,1.28,1.6,1.79,2.16,2.37
"2015-02-04","3678500","151.996534","70149700","116.922564","41614800","40.731148","25052800","32.565882",2041.51001,0.01,0.01,0.06,0.2,0.52,0.86,1.29,1.61,1.81,2.17,2.39
"2015-02-05","5253600","152.91649","42246200","117.757104","36548200","41.324983","20491400","32.895418",2062.52002,0.02,0.02,0.06,0.2,0.52,0.87,1.3,1.62,1.83,2.2,2.42
"2015-02-06","3225000","152.828721","43706600","116.765484","34311700","41.286042","29124600","32.275116",2055.469971,0.01,0.02,0.07,0.26,0.65,1.03,1.48,1.77,1.95,2.28,2.51
"2015-02-09","3057700","151.882804","38889800","117.541107","31381100","41.237368","28705500","31.916505",2046.73999,0.02,0.01,0.08,0.24,0.65,1.04,1.49,1.78,1.96,2.28,2.52
"2015-02-10","4440600","154.623031","62008500","119.799242","29670700","41.471005","20200000","32.662807",2068.590088,0.02,0.01,0.08,0.25,0.67,1.05,1.52,1.82,2.01,2.33,2.58
"2015-02-11","3626700","154.271969","73561800","122.607191","38262500","41.256838","18364200","32.517422",2068.530029,0.02,0.01,0.07,0.24,0.67,1.06,1.53,1.83,2,2.33,2.57
"2015-02-12","3333100","154.584031","74474500","124.158437","33268800","41.948021","20056700","33.079573",2088.47998,0.02,0.02,0.07,0.23,0.61,1.02,1.5,1.81,1.99,2.33,2.58
"2015-02-13","3706900","156.417341","54272200","124.767156","40264900","42.707348","18037900","33.302493",2096.98999,0.02,0.01,0.07,0.23,0.66,1.03,1.53,1.84,2.02,2.39,2.63
"2015-02-17","2894500","156.963449","63152400","125.503506","33695700","42.726957","19374100","33.670799",2100.340088,0.02,0.02,0.07,0.25,0.7,1.1,1.62,1.95,2.14,2.49,2.73
"2015-02-18","4358400","158.162905","44891700","126.377307","27111700","42.677933","19992900","33.215263",2099.679932,0.02,0.02,0.07,0.23,0.62,1,1.52,1.86,2.07,2.46,2.7
"2015-02-19","3504400","159.820692","37362400","126.112217","27603400","42.648521","11017500","33.157109",2097.449951,0.02,0.02,0.07,0.23,0.67,1.05,1.58,1.92,2.11,2.5,2.73
"2015-02-20","3353000","159.586645","48948400","127.14311","29721100","43.001475","20955600","33.350954",2110.300049,0.02,0.02,0.07,0.23,0.67,1.07,1.61,1.94,2.13,2.5,2.73
"2015-02-23","2714400","158.865029","70974100","130.579411","32518800","43.285799","25565500","32.720958",2109.659912,0.01,0.02,0.08,0.22,0.64,1.03,1.56,1.88,2.06,2.44,2.66
"2015-02-24","4701600","160.737354","69228100","129.764515","25271700","43.226973","29607500","33.350954",2115.47998,0.02,0.02,0.08,0.22,0.6,0.97,1.47,1.79,1.99,2.38,2.6
"2015-02-25","4004600","158.767506","74711700","126.446026","29759800","43.128931","24686300","32.905112",2113.860107,0.02,0.02,0.07,0.21,0.61,0.98,1.47,1.78,1.96,2.35,2.56
"2015-02-26","7110800","156.875672","91287500","128.046365","28957300","43.197561","25928400","32.614346",2110.73999,0.02,0.03,0.07,0.22,0.66,1.04,1.54,1.86,2.03,2.39,2.63
"2015-02-27","4410000","157.919112","62014800","126.122045","33807700","42.991669","24427300","32.226656",2104.5,0.02,0.02,0.07,0.22,0.63,1.01,1.5,1.82,2,2.38,2.6
"2015-03-02","5917900","156.495357","48096700","126.740569","31924000","43.021084","25406400","33.011727",2117.389893,0.02,0.02,0.08,0.22,0.66,1.06,1.57,1.89,2.08,2.46,2.68
"2015-03-03","3234400","157.031703","37816300","127.005659","31748600","42.432826","27332000","33.050493",2107.780029,0.01,0.02,0.08,0.26,0.68,1.09,1.61,1.94,2.12,2.49,2.71
"2015-03-04","3633600","155.461678","31666300","126.200576","25748700","42.217135","23005800","33.069878",2098.530029,0.01,0.01,0.08,0.26,0.66,1.07,1.6,1.93,2.12,2.49,2.72
"2015-03-05","3791700","157.177973","56517100","124.109352","23193500","42.266156","21225800","32.691882",2101.040039,0.02,0.02,0.08,0.25,0.65,1.05,1.57,1.9,2.11,2.49,2.71
"2015-03-06","4540200","154.564523","72842100","124.295889","36248800","41.530836","32373100","32.168501",2071.26001,0.02,0.01,0.08,0.27,0.73,1.16,1.7,2.04,2.24,2.63,2.83
"2015-03-09","5193900","156.778164","88528500","124.826061","32108000","42.011243","33058800","31.712969",2079.429932,0.01,0.02,0.1,0.27,0.7,1.13,1.66,1.99,2.2,2.58,2.8
"2015-03-10","4601000","153.891653","68856600","122.24393","39159700","41.207294","50278900","30.724361",2044.160034,0.03,0.02,0.1,0.25,0.7,1.1,1.62,1.94,2.14,2.51,2.73
"2015-03-11","5709900","152.906736","68939000","120.01524","32215300","41.158274","49683600","31.334972",2040.23999,0.03,0.03,0.1,0.25,0.7,1.09,1.6,1.92,2.11,2.47,2.69
"2015-03-12","4567300","154.05743","48362700","122.185017","59992500","40.217066","107402400","29.852059",2065.949951,0.03,0.03,0.1,0.24,0.67,1.06,1.59,1.91,2.1,2.47,2.69
"2015-03-13","6064100","150.449302","51827300","121.340668","58007700","40.57002","47954700","29.978059",2053.399902,0.03,0.03,0.11,0.24,0.68,1.07,1.6,1.93,2.13,2.48,2.7
"2015-03-16","3749600","153.179783","35874300","122.675917","35273500","40.746497","33074600","29.881137",2081.189941,0.02,0.05,0.15,0.26,0.66,1.06,1.57,1.9,2.1,2.45,2.67
"2015-03-17","3311700","153.062767","51023100","124.727883","31673400","40.883756","29215600","29.648523",2074.280029,0.05,0.05,0.15,0.27,0.7,1.07,1.56,1.87,2.06,2.4,2.61
"2015-03-18","5738800","155.841994","65270900","126.131857","44194800","41.668095","39834100","29.939289",2099.5,0.02,0.03,0.12,0.23,0.57,0.92,1.41,1.73,1.93,2.31,2.51
"2015-03-19","3878600","155.841994","45809500","125.17951","33879100","41.462207","27414200","29.793906",2089.27002,0.02,0.03,0.12,0.26,0.63,0.99,1.48,1.79,1.98,2.33,2.54
"2015-03-20","9006400","158.835775","68695100","123.608631","71904500","42.040658","64777100","30.346363",2108.100098,0,0.01,0.11,0.24,0.6,0.95,1.42,1.73,1.93,2.29,2.5
"2015-03-23","5930100","160.542323","37709700","124.894787","26246100","42.021049","29694000","30.23975",2104.419922,0.02,0.03,0.11,0.24,0.6,0.93,1.41,1.71,1.92,2.29,2.51
"2015-03-24","4346100","158.95279","32842300","124.384254","25513300","42.060267","28471400","29.842369",2091.5,0.03,0.02,0.11,0.24,0.58,0.91,1.37,1.68,1.88,2.24,2.46
"2015-03-25","5428900","155.24714","51655200","121.134491","43469900","40.648452","37691000","28.970067",2061.050049,0.02,0.04,0.11,0.25,0.59,0.94,1.41,1.73,1.93,2.28,2.5
"2015-03-26","4396000","156.602626","47572900","121.97884","37495600","40.403345","45450100","29.154219",2056.149902,0.02,0.03,0.13,0.28,0.61,0.98,1.47,1.81,2.01,2.37,2.6
"2015-03-27","3477900","156.417341","39546200","121.00686","34401400","40.168045","73857200","31.015127",2061.02002,0.02,0.04,0.12,0.27,0.58,0.92,1.42,1.74,1.95,2.29,2.53
"2015-03-30","4138000","158.630982","47099700","124.070079","35049700","40.158239","51391500","30.491746",2086.23999,0.02,0.04,0.14,0.27,0.58,0.93,1.41,1.74,1.96,2.32,2.55
"2015-03-31","4255400","156.514864","42090600","122.165384","34887200","39.864112","32098500","30.307595",2067.889893,0.05,0.03,0.14,0.26,0.56,0.89,1.37,1.71,1.94,2.31,2.54
"2015-04-01","3700800","155.227632","40621400","121.98866","36865300","39.922939","31532100","29.861752",2059.689941,0.02,0.03,0.12,0.27,0.55,0.86,1.32,1.65,1.87,2.23,2.47
"2015-04-02","4671600","156.466103","32220100","123.039186","37487500","39.501355","20909600","29.861752",2066.959961,0.02,0.02,0.1,0.25,0.55,0.87,1.35,1.69,1.92,2.29,2.53
"2015-04-06","3465700","158.01662","37194000","125.032239","39223700","40.73669","21490900","30.084674",2080.620117,0.02,0.03,0.1,0.21,0.51,0.83,1.31,1.67,1.92,2.31,2.57
"2015-04-07","3148000","158.045889","35012300","123.71663","28809400","40.717081","23258300","30.297903",2076.330078,0.02,0.02,0.1,0.22,0.52,0.85,1.32,1.66,1.89,2.27,2.52
"2015-04-08","2524300","157.83135","37329200","123.314088","24753400","40.609234","18250300","30.346363",2081.899902,0.02,0.03,0.1,0.22,0.54,0.86,1.35,1.68,1.92,2.28,2.53
"2015-04-09","2263500","158.309174","32484000","124.256616","25723900","40.668061","34167600","30.278518",2091.179932,0.02,0.03,0.1,0.22,0.56,0.89,1.4,1.73,1.97,2.35,2.61
"2015-04-10","2515700","158.816267","40188000","124.786789","28022000","40.903365","28084900","30.947282",2102.060059,0.01,0.02,0.09,0.24,0.57,0.91,1.41,1.73,1.96,2.33,2.58
"2015-04-13","3868900","158.348189","36365100","124.541339","30276700","40.942579","23489000","30.753437",2092.429932,0.02,0.03,0.11,0.23,0.54,0.89,1.38,1.71,1.94,2.33,2.58
"2015-04-14","2719300","158.270174","25524600","124.001353","24244400","40.834735","39754000","30.520823",2095.840088,0.02,0.02,0.1,0.23,0.53,0.85,1.34,1.67,1.9,2.29,2.54
"2015-04-15","3498800","160.054738","28970400","124.472613","27343600","41.432792","61083500","31.819584",2106.629883,0.02,0.02,0.08,0.23,0.51,0.85,1.33,1.66,1.91,2.3,2.55
"2015-04-16","3136900","159.079567","28369000","123.873714","22509700","41.334751","28903200","31.85835",2104.98999,0.03,0.02,0.08,0.22,0.5,0.81,1.31,1.64,1.9,2.31,2.56
"2015-04-17","4314400","156.680641","51957000","122.47956","42387600","40.80532","30593600","31.470663",2081.179932,0.03,0.01,0.08,0.23,0.51,0.84,1.31,1.63,1.87,2.26,2.51
"2015-04-20","9609200","162.034333","47054300","125.277689","46057700","42.07007","20649300","31.722659",2100.399902,0.03,0.03,0.1,0.24,0.55,0.86,1.33,1.65,1.9,2.31,2.56
"2015-04-21","9683600","160.1815","32435100","124.600252","26013800","41.805354","19023800","31.431893",2097.290039,0.02,0.03,0.09,0.23,0.55,0.86,1.35,1.67,1.92,2.33,2.58
"2015-04-22","4024800","161.254193","37654500","126.279121","25064300","42.148506","21144200","31.693584",2107.959961,0.01,0.03,0.1,0.23,0.57,0.91,1.41,1.75,1.99,2.42,2.66
"2015-04-23","8235600","166.01303","45770900","127.310014","46309500","42.491653","23775300","31.354354",2112.929932,0.01,0.03,0.09,0.24,0.55,0.87,1.37,1.7,1.96,2.38,2.63
"2015-04-24","3888400","165.564445","44525900","127.908913","130933700","46.932981","22759900","31.092667",2117.689941,0.03,0.03,0.1,0.24,0.54,0.84,1.34,1.68,1.93,2.36,2.62
"2015-04-27","3168600","166.490854","96954200","130.235775","59248200","47.089849","25869600","31.499739",2108.919922,0.01,0.02,0.1,0.25,0.54,0.87,1.36,1.69,1.94,2.36,2.61
"2015-04-28","5816700","169.60165","118924000","128.183816","60730800","48.197731","29572800","32.003735",2114.76001,0,0.02,0.09,0.24,0.56,0.9,1.39,1.75,2,2.42,2.68
"2015-04-29","4518400","170.069728","63386100","126.298762","47804600","48.09969","21819000","31.877735",2106.850098,0,0.01,0.07,0.25,0.56,0.91,1.43,1.8,2.06,2.49,2.76
"2015-04-30","5062900","167.036947","83195400","122.872281","64725500","47.687909","22013300","31.548199",2085.51001,0,0.01,0.06,0.24,0.58,0.91,1.43,1.79,2.05,2.49,2.75
"2015-05-01","3312100","169.357858","58512600","126.603117","38937300","47.707518","27091200","32.391422",2108.290039,0,0.01,0.05,0.25,0.6,0.97,1.5,1.87,2.12,2.57,2.82
"2015-05-04","4028000","169.650412","50988300","126.357667","34039500","47.295741","21397300","32.401116",2114.48999,0.01,0.02,0.08,0.25,0.6,0.96,1.51,1.9,2.16,2.62,2.88
"2015-05-05","3593600","168.782511","49271400","123.510453","50369200","46.668265","29779200","31.864186",2089.459961,0.01,0.01,0.08,0.24,0.62,1,1.54,1.92,2.19,2.64,2.9
"2015-05-06","3612600","167.082706","72141000","122.73483","52433000","45.374104","31985400","31.454171",2080.149902,0.02,0.02,0.08,0.25,0.65,1.03,1.58,1.97,2.25,2.72,2.98
"2015-05-07","2472000","168.006306","43940900","123.493969","32971700","45.785884","21475300","31.473696",2088,0.01,0.01,0.08,0.24,0.63,1.02,1.55,1.93,2.18,2.63,2.9
"2015-05-08","3092600","169.666803","55550400","125.820696","35364900","46.815331","26926500","32.020383",2116.100098,0.01,0.01,0.08,0.23,0.59,0.96,1.5,1.89,2.16,2.63,2.9
"2015-05-11","2661000","168.134027","42035800","124.539021","24609400","46.442768","18358600","31.912997",2105.330078,0.02,0.02,0.09,0.25,0.62,1.02,1.59,2,2.28,2.76,3.03
"2015-05-12","2962400","167.573981","48160000","124.095369","29928300","46.423159","24530200","31.483457",2099.120117,0.01,0.03,0.09,0.25,0.61,1,1.58,2,2.28,2.75,3.02
"2015-05-13","2457500","169.273789","34694200","124.233394","34184600","46.697681","20470800","31.864186",2098.47998,0.02,0.02,0.09,0.24,0.59,0.97,1.57,2,2.27,2.79,3.07
"2015-05-14","2439100","171.012907","45203500","127.131938","32980900","47.766345","21098900","32.186344",2121.100098,0,0.01,0.08,0.23,0.56,0.91,1.51,1.94,2.23,2.76,3.03
"2015-05-15","2916600","170.236684","38208000","126.954483","28642700","47.354564","17149700","32.20587",2122.72998,0.02,0.02,0.09,0.23,0.55,0.9,1.46,1.87,2.14,2.66,2.93
"2015-05-18","1970600","170.040177","50882900","128.354461","24136500","47.07024","23689500","32.615885",2129.199951,0.01,0.02,0.08,0.22,0.58,0.95,1.54,1.95,2.23,2.75,3.02
"2015-05-19","2523000","170.452847","44633200","128.236158","28574800","46.951827","21867100","32.362066",2127.830078,0.02,0.02,0.07,0.23,0.63,1.01,1.6,2.01,2.27,2.79,3.05
"2015-05-20","2300300","170.727959","36454900","128.226289","25047900","46.951827","21359800","32.576835",2125.850098,0.02,0.02,0.08,0.23,0.6,0.98,1.57,1.98,2.26,2.79,3.06
"2015-05-21","2295600","170.31529","39730400","129.537539","22410700","46.793936","21269800","32.752557",2130.820068,0.02,0.02,0.07,0.22,0.6,0.95,1.53,1.92,2.19,2.71,2.98
"2015-05-22","2849700","169.214838","45596000","130.67132","25720600","46.280805","20845000","32.654935",2126.060059,0.01,0.02,0.08,0.23,0.64,1.01,1.57,1.96,2.21,2.73,2.99
"2015-05-26","3854200","167.161312","70697600","127.79249","29581900","45.974896","28594500","32.313252",2104.199951,0.01,0.02,0.09,0.24,0.64,0.99,1.54,1.9,2.14,2.64,2.89
"2015-05-27","2764400","168.998676","45833200","130.178369","27335600","46.98143","30172700","32.908753",2123.47998,0.02,0.01,0.09,0.27,0.64,1,1.53,1.9,2.14,2.63,2.88
"2015-05-28","1731400","168.713743","30733300","129.92204","19283700","46.823543","27065700","33.201622",2120.790039,0.01,0.01,0.08,0.26,0.62,0.97,1.51,1.89,2.13,2.64,2.89
"2015-05-29","4092000","166.689677","50884500","128.443189","36519600","46.241332","43545500","33.640927",2107.389893,0.01,0.01,0.06,0.26,0.61,0.94,1.49,1.86,2.12,2.63,2.88
"2015-06-01","2985500","167.210427","32112800","128.699517","28837300","46.606446","46734500","33.104",2111.72998,0.02,0.02,0.07,0.26,0.64,0.99,1.55,1.93,2.19,2.69,2.94
"2015-06-02","2571400","166.689677","33667600","128.127708","21498300","46.300537","36351100","32.479213",2109.600098,0.02,0.01,0.07,0.26,0.64,1.02,1.61,2.01,2.27,2.77,3.02
"2015-06-03","2131000","166.954969","30889400","128.285441","28002200","46.231462","38138700","31.952047",2114.070068,0.02,0.02,0.07,0.26,0.69,1.07,1.69,2.12,2.38,2.87,3.11
"2015-06-04","3079300","165.441848","38450100","127.536161","27745500","45.747933","33761800","31.542032",2095.840088,0.02,0.02,0.08,0.27,0.66,1.04,1.65,2.05,2.31,2.78,3.03
"2015-06-05","3100500","164.478938","35626800","126.836165","25438100","45.530837","27778500","31.083202",2092.830078,0.02,0.03,0.08,0.29,0.73,1.13,1.75,2.16,2.41,2.87,3.11
"2015-06-08","3758700","162.454887","52674800","125.998158","22121600","45.12625","38171600","30.556036",2079.280029,0.01,0.02,0.09,0.27,0.7,1.09,1.72,2.13,2.39,2.86,3.11
"2015-06-09","3395900","162.78895","56075400","125.623511","24406100","45.047308","33976700","30.507226",2080.149902,0.01,0.02,0.08,0.27,0.72,1.12,1.74,2.16,2.42,2.89,3.15
"2015-06-10","4680500","165.972419","39087300","127.062933","28417400","45.994633","33336800","31.063677",2105.199951,0.01,0.02,0.1,0.28,0.75,1.15,1.8,2.22,2.5,2.96,3.22
"2015-06-11","3464000","165.834862","35390900","126.777013","27347800","45.826875","24293600","31.092965",2108.860107,0.01,0.01,0.1,0.28,0.73,1.12,1.74,2.14,2.39,2.84,3.11
"2015-06-12","3065100","164.076104","36886200","125.377036","23931000","45.363083","31629800","30.575561",2094.110107,0.01,0.02,0.1,0.28,0.74,1.12,1.75,2.15,2.39,2.84,3.1
"2015-06-15","4245700","163.358831","43988900","125.13056","33254500","44.87955","23175000","30.643897",2084.429932,0,0.02,0.11,0.28,0.72,1.1,1.71,2.11,2.36,2.83,3.09
"2015-06-16","3249800","163.928712","31494100","125.800973","27070300","45.224932","20254500","30.887955",2096.290039,0,0.01,0.11,0.28,0.71,1.08,1.68,2.07,2.32,2.79,3.06
"2015-06-17","2863000","164.252956","32918100","125.505208","28704100","45.363083","28194200","31.190588",2100.439941,0,0.01,0.1,0.27,0.67,1.03,1.63,2.05,2.32,2.82,3.09
"2015-06-18","3330900","165.314112","35407200","126.077025","32658300","46.103181","27722400","31.610368",2121.23999,0,0.01,0.08,0.26,0.66,1.03,1.65,2.08,2.35,2.86,3.14
"2015-06-19","7074000","164.076104","54716900","124.815072","63837000","45.491364","39008400","31.307735",2109.98999,0,0.01,0.05,0.25,0.65,0.99,1.59,1.99,2.26,2.76,3.05
"2015-06-22","2335800","164.803181","34039300","125.810835","20318100","45.619649","23608400","31.493217",2122.850098,0,0.01,0.08,0.27,0.68,1.06,1.68,2.1,2.37,2.87,3.16
"2015-06-23","3701600","165.677651","30268900","125.23901","25896500","45.303874","17995900","31.32726",2124.199951,0,0.01,0.09,0.3,0.7,1.07,1.71,2.14,2.42,2.92,3.2
"2015-06-24","3548100","164.056449","55280900","126.303785","34890900","45.037438","23313900","31.151538",2108.580078,0,0.01,0.08,0.3,0.68,1.06,1.69,2.12,2.38,2.87,3.16
"2015-06-25","2408900","163.181979","31938100","125.702385","20616000","45.047308","22743300","31.229636",2102.310059,0,0.01,0.07,0.29,0.68,1.06,1.7,2.14,2.4,2.88,3.16
"2015-06-26","8946000","162.572803","44066800","124.962959","49835300","44.662454","62157200","30.282693",2101.48999,0,0.01,0.08,0.29,0.72,1.09,1.75,2.2,2.49,2.98,3.25
"2015-06-29","3314700","160.126247","49161400","122.774258","34081700","43.784205","35194500","29.667666",2057.639893,0,0.02,0.11,0.27,0.64,1,1.62,2.05,2.33,2.82,3.09
"2015-06-30","3597300","159.821659","44370700","123.66157","35945400","43.567112","34412200","29.696954",2063.110107,0.02,0.01,0.11,0.28,0.64,1.01,1.63,2.07,2.35,2.83,3.11
"2015-07-01","3214500","161.619728","30238800","124.815072","28343900","43.86315","27178900","29.462658",2077.419922,0.01,0.01,0.13,0.28,0.69,1.08,1.7,2.14,2.43,2.92,3.2
"2015-07-02","2852700","162.209249","27211000","124.657332","21752000","43.813811","27105200","29.833625",2076.780029,0.01,0.01,0.1,0.26,0.64,1.01,1.64,2.09,2.4,2.9,3.19
"2015-07-06","3079800","161.85553","28060400","124.223533","23034000","43.803941","32468100","29.325987",2068.76001,0.01,0.02,0.09,0.26,0.6,0.95,1.56,2,2.3,2.78,3.08
"2015-07-07","3549900","162.120823","46946800","123.917906","36435800","43.715129","43833700","29.189313",2081.340088,0.02,0.02,0.08,0.25,0.58,0.96,1.55,1.98,2.27,2.74,3.04
"2015-07-08","2776300","160.312934","60761600","120.841892","39785900","43.655924","45223800","28.798821",2046.680054,0.02,0.02,0.08,0.24,0.55,0.91,1.5,1.92,2.22,2.69,2.99
"2015-07-09","4199700","160.990896","77821600","118.37714","32424700","43.932226","47167800","28.242369",2051.310059,0.02,0.03,0.08,0.25,0.6,0.95,1.58,2.01,2.32,2.8,3.11
"2015-07-10","4538300","164.036793","61354500","121.541881","25465800","44.021038","31423800","28.476665",2076.620117,0.01,0.01,0.09,0.28,0.65,1.04,1.68,2.12,2.42,2.91,3.2
"2015-07-13","4229000","166.424399","41440500","123.888331","28178300","44.93876","26452400","29.023354",2099.600098,0.02,0.02,0.1,0.28,0.69,1.06,1.71,2.14,2.44,2.92,3.21
"2015-07-14","3025300","165.667831","31768100","123.839032","22880300","45.017701","39778300","28.945255",2108.949951,0.03,0.01,0.1,0.27,0.66,1.03,1.67,2.1,2.41,2.9,3.2
"2015-07-15","1998000","165.589225","33649200","125.031972","26629600","45.155852","47852500","28.984305",2107.399902,0.03,0.02,0.11,0.28,0.64,1,1.63,2.05,2.36,2.83,3.13
"2015-07-16","3529900","168.016126","36222400","126.69814","26271700","46.043972","81166700","29.189313",2124.290039,0.03,0.02,0.1,0.29,0.67,1.05,1.66,2.07,2.36,2.81,3.11
"2015-07-17","4356400","169.499771","46164700","127.79249","29467100","46.004499","43697600","28.769533",2126.639893,0.03,0.03,0.11,0.29,0.68,1.05,1.67,2.07,2.34,2.77,3.08
"2015-07-20","7377800","170.197389","58900200","130.20796","30631900","46.300537","33812900","28.408329",2128.280029,0.03,0.04,0.14,0.31,0.71,1.09,1.72,2.11,2.38,2.79,3.1
"2015-07-21","13752300","160.224508","76756400","128.906563","42781900","46.655785","45191000","28.03736",2119.209961,0.04,0.03,0.13,0.34,0.71,1.07,1.69,2.08,2.35,2.77,3.08
"2015-07-22","7181800","157.551969","115450600","123.454532","59152400","44.93876","36387200","27.929976",2114.149902,0.04,0.04,0.13,0.34,0.75,1.08,1.69,2.07,2.33,2.73,3.04
"2015-07-23","5034200","158.907879","50999500","123.39538","33934000","45.501234","33775200","27.920213",2102.149902,0.04,0.03,0.13,0.33,0.71,1.06,1.65,2.03,2.28,2.67,2.98
"2015-07-24","3778200","156.962433","42162300","122.744682","32333200","45.333476","31621000","27.393047",2079.649902,0.04,0.04,0.14,0.32,0.7,1.04,1.64,2.02,2.27,2.67,2.96
"2015-07-27","3706200","156.294306","44455500","121.03907","39701400","44.751266","42161100","27.676155",2067.639893,0.04,0.05,0.15,0.32,0.68,1,1.58,1.96,2.23,2.64,2.93
"2015-07-28","2721000","157.257201","33618100","121.64047","34328900","44.741399","33182400","28.271655",2093.25,0.05,0.05,0.14,0.32,0.69,1.03,1.61,1.99,2.26,2.66,2.96
"2015-07-29","3378400","158.279047","37011700","121.255969","40945900","45.678858","26470200","28.320468",2108.570068,0.05,0.06,0.14,0.33,0.7,1.05,1.62,2.02,2.29,2.69,2.99
"2015-07-30","1994700","158.151326","33628300","120.644715","39777900","46.261068","26582400","28.222844",2108.629883,0.05,0.07,0.15,0.36,0.72,1.07,1.62,2.02,2.28,2.66,2.96
"2015-07-31","3580200","159.163352","42885000","119.589801","31201500","46.083445","27158800","28.261894",2103.840088,0.04,0.08,0.14,0.33,0.67,1,1.54,1.93,2.2,2.61,2.92
"2015-08-03","4615700","155.940587","69976000","116.770124","24125900","46.191993","26213600","28.359516",2098.040039,0.03,0.08,0.17,0.33,0.68,0.99,1.52,1.89,2.16,2.55,2.86
"2015-08-04","5260600","154.849956","124138600","113.023697","33403900","46.912355","25741700","28.437615",2093.320068,0.05,0.08,0.18,0.37,0.74,1.08,1.6,1.97,2.23,2.59,2.9
"2015-08-05","3472800","155.144709","99312600","113.772984","26959700","46.951827","23622700","28.664015",2099.840088,0.05,0.08,0.19,0.38,0.73,1.1,1.65,2.02,2.28,2.64,2.94
"2015-08-06","3004800","154.867322","52903000","114.020572","27368000","46.004499","27958200","28.555737",2083.560059,0.04,0.04,0.2,0.35,0.71,1.08,1.62,1.98,2.23,2.59,2.9
"2015-08-07","3794900","153.678462","38670400","114.406813","19163000","46.122917","25606100","28.427771",2077.570068,0.03,0.06,0.23,0.38,0.73,1.08,1.59,1.93,2.18,2.52,2.83
"2015-08-10","4613400","155.293319","54951600","118.566345","23079900","46.705128","22807400","29.175871",2104.179932,0.03,0.12,0.24,0.4,0.73,1.09,1.62,1.98,2.24,2.58,2.89
"2015-08-11","3167100","154.064837","97082800","112.396376","29237400","45.797272","23758900","28.516362",2084.070068,0.06,0.1,0.23,0.37,0.68,1.03,1.53,1.89,2.15,2.5,2.81
"2015-08-12","3560300","154.708806","101217500","114.129513","30181400","46.122917","33589100","28.998689",2086.050049,0.06,0.1,0.22,0.37,0.67,1.01,1.52,1.88,2.14,2.52,2.84
"2015-08-13","2533400","153.628939","48535800","114.040384","22627200","46.113047","18821900","28.41793",2083.389893,0.06,0.1,0.24,0.4,0.72,1.06,1.58,1.94,2.19,2.54,2.86
"2015-08-14","3226400","154.302612","42929500","114.842576","21473400","46.379483","14302700","28.56558",2091.540039,0.04,0.09,0.25,0.41,0.73,1.08,1.61,1.96,2.2,2.54,2.84
"2015-08-17","2249600","154.857406","40884700","116.031017","21099700","46.695258","15548300","28.62464",2102.439941,0.03,0.1,0.24,0.4,0.72,1.07,1.58,1.92,2.16,2.51,2.81
"2015-08-18","2018300","154.560191","34560700","115.377373","23574100","46.953518","19182600","28.457302",2096.919922,0.05,0.07,0.25,0.42,0.74,1.07,1.6,1.95,2.2,2.56,2.87
"2015-08-19","4206400","152.509435","47445700","113.901733","31485500","46.297937","30530100","27.915915",2079.610107,0.05,0.05,0.22,0.39,0.67,0.98,1.5,1.85,2.12,2.49,2.81
"2015-08-20","4011500","151.241331","68501600","111.564474","36238200","45.354297","31936600","27.098912",2035.72998,0.01,0.02,0.22,0.39,0.69,1,1.5,1.84,2.09,2.45,2.76
"2015-08-21","7362100","147.46674","128275500","104.740869","70053100","42.781637","52288400","26.1441",1970.890015,0.02,0.03,0.21,0.36,0.64,0.95,1.44,1.79,2.05,2.44,2.74
"2015-08-24","10189700","142.136732","162206300","102.126309","88753700","41.400944","83234200","25.838955",1893.209961,0.02,0.06,0.2,0.33,0.59,0.9,1.39,1.75,2.01,2.42,2.73
"2015-08-25","7073200","139.650063","103601600","102.74033","70616600","40.199046","59371900","25.464906",1867.609985,0.04,0.07,0.19,0.36,0.67,0.98,1.48,1.86,2.12,2.54,2.84
"2015-08-26","6221800","145.336711","96774600","108.632999","63408000","42.424047","47386700","26.872512",1940.51001,0.03,0.06,0.2,0.35,0.67,0.98,1.49,1.9,2.18,2.64,2.94
"2015-08-27","4976600","147.159608","84616100","111.831869","50943200","43.606082","38649400","27.285936",1987.660034,0.02,0.06,0.22,0.36,0.68,0.99,1.49,1.91,2.18,2.61,2.93
"2015-08-28","4076300","146.604815","53164400","112.198306","28246700","43.63588","43452400","27.974975",1988.869995,0.02,0.06,0.25,0.38,0.72,1.04,1.52,1.92,2.19,2.61,2.92
"2015-08-31","4093100","146.515655","56229300","111.673415","34441700","43.228625","42401800","28.093097",1972.180054,0,0.08,0.27,0.39,0.74,1.07,1.54,1.94,2.21,2.64,2.95
"2015-09-01","5272000","141.354065","76845900","106.681981","49688900","41.540006","44144000","27.38437",1913.849976,0.01,0.03,0.26,0.39,0.7,1.03,1.49,1.89,2.17,2.62,2.93
"2015-09-02","4252000","143.702051","61888800","111.257456","37671500","43.069696","34618800","28.152157",1948.859985,0.01,0.03,0.25,0.37,0.72,1.04,1.52,1.92,2.2,2.66,2.97
"2015-09-03","3603500","145.415969","53233900","109.306446","28285200","43.208758","38665900","28.62464",1951.130005,0.02,0.02,0.24,0.36,0.71,1,1.49,1.9,2.18,2.64,2.95
"2015-09-04","4201100","142.36459","49996300","108.21704","37138800","42.324718","29116500","28.07341",1921.219971,0.02,0.02,0.23,0.36,0.71,1,1.47,1.85,2.13,2.58,2.89
"2015-09-08","3933300","145.861784","54843600","111.227747","32469800","43.596147","27805000","29.038064",1969.410034,0.02,0.06,0.27,0.39,0.74,1.05,1.53,1.92,2.2,2.66,2.97
"2015-09-09","3407800","143.702051","85010800","109.088565","33469500","42.781637","30774100","28.782135",1942.040039,0.02,0.03,0.26,0.39,0.75,1.06,1.53,1.91,2.21,2.64,2.96
"2015-09-10","3461700","144.841357","62892800","111.485243","31366600","43.000165","25195800","28.811666",1952.290039,0.02,0.02,0.25,0.39,0.75,1.06,1.55,1.93,2.23,2.66,2.98
"2015-09-11","3115100","146.000483","49915500","113.109439","27132500","43.188892","21786900","29.008533",1961.050049,0.04,0.04,0.25,0.4,0.71,1.03,1.52,1.89,2.2,2.63,2.95
"2015-09-14","3226700","144.296466","58363400","114.198838","23656000","42.751839","24065100","28.929786",1953.030029,0.02,0.07,0.26,0.4,0.73,1.03,1.51,1.88,2.18,2.62,2.95
"2015-09-15","2717100","146.159","43341200","115.159492","28882200","43.685544","29819000","29.264462",1978.089966,0,0.07,0.27,0.47,0.82,1.12,1.61,1.99,2.28,2.73,3.06
"2015-09-16","2799200","147.030827","37173500","115.288244","23372200","44.003401","25957800","29.303836",1995.310059,0,0.06,0.24,0.46,0.82,1.13,1.62,2.01,2.3,2.75,3.08
"2015-09-17","4003000","146.763331","64112600","112.822233","32768200","43.953737","29805200","29.244775",1990.199951,0,0.01,0.16,0.39,0.7,1,1.5,1.9,2.21,2.69,3.02
"2015-09-18","7975800","143.16706","74285300","112.356761","63143700","43.188892","60693400","28.56558",1958.030029,0,0,0.1,0.35,0.69,0.97,1.45,1.83,2.13,2.58,2.93
"2015-09-21","3825000","145.118754","50222000","114.099803","26177200","43.814675","24417100","28.703388",1966.969971,0,0.01,0.11,0.36,0.72,1.01,1.51,1.9,2.2,2.67,3.02
"2015-09-22","3564100","143.087802","50346200","112.307247","28085900","43.606082","28576200","28.221061",1942.73999,0,0,0.1,0.35,0.69,0.97,1.44,1.83,2.14,2.6,2.94
"2015-09-23","2674200","142.324968","35756700","113.21838","17145200","43.57628","25984000","28.289964",1938.76001,0,0.01,0.09,0.34,0.7,1,1.47,1.85,2.16,2.6,2.95
"2015-09-24","3280300","143.067999","50219500","113.891827","27905600","43.616013","32754700","28.034035",1932.23999,0,0.01,0.09,0.32,0.67,0.97,1.44,1.84,2.13,2.55,2.91
"2015-09-25","3474400","144.068607","56151900","113.604621","29384600","43.645811","29192300","28.358868",1931.339966,0,0,0.07,0.35,0.7,1,1.48,1.87,2.17,2.6,2.96
"2015-09-28","4317300","141.195563","52109000","111.356499","27613800","43.000165","42291000","28.309652",1881.77002,0,0.01,0.1,0.34,0.67,0.97,1.42,1.8,2.1,2.51,2.87
"2015-09-29","4763500","141.146025","73365400","108.009065","32763600","43.149159","34169600","28.782135",1884.089966,0,0.01,0.09,0.33,0.64,0.92,1.37,1.74,2.05,2.48,2.85
"2015-09-30","3946200","143.622792","66473000","109.237121","34958900","43.963668","41051700","29.668041",1920.030029,0,0,0.08,0.33,0.64,0.92,1.37,1.75,2.06,2.51,2.87
"2015-10-01","3880900","142.255612","63929100","108.524058","28657900","44.311327","29832800","29.530234",1923.819946,0,0,0.08,0.31,0.64,0.92,1.37,1.75,2.05,2.49,2.85
"2015-10-02","3054400","143.236417","58019800","109.316344","41839000","45.264899","27901500","30.032249",1951.359985,0,0,0.06,0.25,0.58,0.85,1.29,1.67,1.99,2.44,2.82
"2015-10-05","5131800","147.654962","52064700","109.712491","34369300","46.317803","34842500","30.721286",1987.050049,0,0.01,0.06,0.26,0.61,0.89,1.35,1.74,2.07,2.52,2.9
"2015-10-06","3018100","147.397383","48857000","110.237383","27510800","46.436999","35530200","31.242988",1979.920044,0,0,0.07,0.26,0.61,0.9,1.34,1.72,2.05,2.5,2.88
"2015-10-07","2980800","148.695207","46765600","109.712491","27711500","46.486663","36930100","31.813905",1995.829956,0,0,0.08,0.27,0.65,0.92,1.37,1.75,2.08,2.51,2.89
"2015-10-08","4794400","150.864858","61979600","108.444827","33772700","47.132313","27794600","32.010774",2013.430054,0,0,0.07,0.27,0.65,0.93,1.4,1.79,2.12,2.56,2.96
"2015-10-09","3531100","150.973836","52766100","111.039583","28600600","46.794589","24209900","31.636724",2014.890015,0.01,0.01,0.07,0.28,0.65,0.96,1.41,1.8,2.12,2.55,2.94
"2015-10-13","3915700","148.229574","33049300","110.712761","19987800","46.576061","35588600","31.538291",2003.689941,0,0.01,0.08,0.27,0.64,0.92,1.36,1.74,2.06,2.49,2.89
"2015-10-14","3353000","148.615949","44462400","109.147984","24697800","46.367468","75954800","32.286389",1994.23999,0,0,0.08,0.21,0.57,0.84,1.29,1.66,1.99,2.42,2.84
"2015-10-15","3476200","148.695207","37673500","110.782086","27189400","46.695256","37634800","32.237172",2023.859985,0,0.01,0.08,0.22,0.61,0.9,1.34,1.72,2.04,2.46,2.87
"2015-10-16","3454000","148.992422","38236300","109.969988","25779300","47.191909","28659200","32.522632",2033.109985,0.03,0.01,0.07,0.23,0.61,0.91,1.36,1.73,2.04,2.46,2.87
"2015-10-19","7954700","147.833297","29759200","110.653341","29387600","47.301173","37624000","33.064019",2033.660034,0.06,0.02,0.12,0.23,0.61,0.89,1.35,1.73,2.04,2.48,2.89
"2015-10-20","16025600","139.333029","48967800","112.673677","30802200","47.45017","24416100","32.916367",2030.77002,0.08,0.02,0.12,0.23,0.66,0.93,1.4,1.78,2.08,2.53,2.92
"2015-10-21","6990600","139.610426","41795200","112.663779","25144300","46.883987","31928800","32.847463",2018.939941,0.01,0.01,0.12,0.23,0.64,0.91,1.37,1.74,2.04,2.48,2.87
"2015-10-22","5583200","142.750965","41654100","114.387009","56637100","47.708428","39572600","33.861337",2052.51001,0.02,0,0.11,0.23,0.61,0.89,1.36,1.74,2.04,2.48,2.87
"2015-10-23","5370400","143.335479","59366900","117.932513","135227100","52.516023","42796600","34.353507",2075.149902,0.01,0.01,0.13,0.24,0.66,0.94,1.43,1.81,2.09,2.54,2.9
"2015-10-26","3489400","142.324968","66333800","114.169128","64633300","53.886785","22646900","34.04836",2071.179932,0.01,0.02,0.16,0.25,0.66,0.94,1.41,1.78,2.07,2.5,2.87
"2015-10-27","15008500","136.578865","69884400","113.446167","50999900","53.330533","22630100","33.93024",2065.889893,0.01,0.03,0.18,0.29,0.65,0.92,1.38,1.75,2.05,2.48,2.86
"2015-10-28","8511400","139.521266","85551400","118.120677","47000800","53.618592","21908400","34.16648",2090.350098,0.03,0.04,0.21,0.33,0.73,1,1.47,1.83,2.1,2.5,2.87
"2015-10-29","3710400","139.243869","51227300","119.368538","30202100","53.002744","21325200","33.497128",2089.409912,0.02,0.07,0.21,0.33,0.75,1.05,1.53,1.9,2.19,2.6,2.96
"2015-10-30","3984000","138.778236","49365300","118.348464","46619800","52.287563","24693900","33.329792",2079.360107,0.01,0.08,0.23,0.34,0.75,1.05,1.52,1.88,2.16,2.57,2.93
"2015-11-02","3822200","139.065534","32203300","120.012276","30285000","52.883549","21743100","33.575877",2104.050049,0.01,0.08,0.27,0.37,0.77,1.08,1.57,1.93,2.2,2.6,2.95
"2015-11-03","4349400","140.561511","45519000","121.388881","36596900","53.787456","18167000","33.772746",2109.790039,0.07,0.06,0.26,0.39,0.8,1.1,1.59,1.96,2.23,2.65,3
"2015-11-04","3516900","140.313834","44886100","120.824373","37087800","54.035782","20762100","33.852049",2102.310059,0.07,0.05,0.27,0.4,0.84,1.16,1.64,1.99,2.25,2.66,3
"2015-11-05","5096900","138.589999","39552700","120.267398","31468500","54.015915","16486100","33.703357",2099.929932,0.04,0.05,0.27,0.42,0.85,1.16,1.65,2,2.26,2.68,3.01
"2015-11-06","4744900","138.25","33042300","120.406641","32851200","54.552297","23701700","33.544753",2099.199951,0.04,0.08,0.32,0.47,0.9,1.23,1.73,2.09,2.34,2.76,3.09
"2015-11-09","8075600","135.309998","33871400","119.919288","32513100","53.797387","24168700","33.059026",2078.580078,0.06,0.14,0.34,0.47,0.89,1.27,1.75,2.11,2.36,2.79,3.12
"2015-11-10","4520800","135.470001","59127900","116.139793","55283700","53.151738","22451700","32.920248",2081.719971,0.08,0.13,0.34,0.51,0.87,1.22,1.72,2.08,2.32,2.76,3.1
"2015-11-12","4701400","133.039993","32525600","115.095465","35361100","52.963011","23265400","32.117318",2045.969971,0.08,0.14,0.35,0.51,0.89,1.24,1.73,2.09,2.32,2.75,3.09
"2015-11-13","4613800","131.75","45812400","111.733702","36848200","52.486225","23673200","31.829847",2023.040039,0.03,0.14,0.31,0.5,0.86,1.2,1.67,2.05,2.28,2.72,3.06
"2015-11-16","4190800","133.710007","38106700","113.563775","32165200","53.409999","29899700","31.819932",2053.189941,0.05,0.15,0.33,0.5,0.88,1.18,1.66,2.02,2.27,2.72,3.07
"2015-11-17","2815100","133.820007","27616900","113.076422","31551300","52.970001","22636400","32.355222",2050.439941,0.07,0.14,0.34,0.5,0.86,1.18,1.66,2.02,2.25,2.69,3.04
"2015-11-18","4149200","135.820007","46674700","116.656991","29710000","53.849998","18619800","32.870685",2083.580078,0.07,0.12,0.31,0.49,0.9,1.21,1.69,2.04,2.27,2.7,3.04
"2015-11-19","4753600","136.740005","43295800","118.138948","28149200","53.939999","45381600","34.000738",2081.23999,0.06,0.11,0.31,0.49,0.91,1.21,1.68,2.02,2.24,2.66,3
"2015-11-20","5176400","138.5","34287100","118.656145","37147600","54.189999","41137700","34.357598",2089.169922,0.05,0.12,0.31,0.49,0.93,1.23,1.7,2.04,2.26,2.68,3.02
"2015-11-23","5137900","138.460007","32482500","117.114508","28235900","54.189999","20152900","34.179168",2086.590088,0.06,0.14,0.35,0.5,0.94,1.26,1.7,2.03,2.25,2.66,3
"2015-11-24","3407700","138.600006","42803200","118.238406","24600000","54.25","21413500","34.060216",2089.139893,0.13,0.16,0.36,0.52,0.93,1.23,1.66,2.01,2.24,2.65,3
"2015-11-25","3238200","138","21388300","117.392995","21005100","53.689999","17939400","34.149431",2088.870117,0.14,0.19,0.39,0.52,0.93,1.25,1.66,2.01,2.23,2.64,3
"2015-11-27","1415800","138.460007","13046400","117.174181","9000500","53.93","6620900","34.159342",2090.110107,0.13,0.18,0.38,0.5,0.92,1.23,1.64,1.99,2.22,2.64,3
"2015-11-30","4301500","139.419998","39180300","117.661542","53885400","54.349998","21785800","34.466639",2080.409912,0.11,0.22,0.42,0.51,0.94,1.24,1.65,1.99,2.21,2.63,2.98
"2015-12-01","4187400","141.279999","34852400","116.706717","39848600","55.220001","23560200","34.783847",2102.629883,0.19,0.21,0.42,0.51,0.91,1.19,1.59,1.93,2.15,2.55,2.91
"2015-12-02","3707800","139.699997","33386600","115.65244","47244600","55.209999","18688200","34.526117",2079.51001,0.19,0.21,0.42,0.52,0.94,1.23,1.63,1.97,2.18,2.55,2.91
"2015-12-03","5900900","138.919998","41569500","114.578267","38532200","54.200001","30131100","33.743008",2049.620117,0.18,0.21,0.45,0.57,0.96,1.27,1.74,2.1,2.33,2.72,3.07
"2015-12-04","4504700","140.429993","57777000","118.387598","42445600","55.91","24901000","34.635154",2091.689941,0.17,0.23,0.49,0.6,0.96,1.25,1.71,2.06,2.28,2.65,3.01
"2015-12-07","3272000","139.550003","32084200","117.641646","30621700","55.810001","17731900","34.684721",2077.070068,0.21,0.29,0.57,0.67,0.94,1.24,1.67,2.02,2.23,2.59,2.95
"2015-12-08","3859100","138.050003","34309500","117.591921","32597200","55.790001","13380200","34.446813",2063.590088,0.23,0.27,0.58,0.76,0.94,1.25,1.68,2.02,2.24,2.61,2.97
"2015-12-09","4546600","136.610001","46361400","114.996006","36150100","54.98","22548300","34.506291",2047.619995,0.19,0.26,0.53,0.72,0.93,1.22,1.64,1.99,2.22,2.59,2.97
"2015-12-10","4754800","136.779999","29212700","115.543033","31620700","55.27","17400700","34.466639",2052.22998,0.19,0.24,0.55,0.71,0.95,1.25,1.68,2.03,2.24,2.6,2.98
"2015-12-11","5315200","134.570007","46886200","112.569172","39364600","54.060001","21251400","33.971001",2012.369995,0.15,0.23,0.52,0.68,0.88,1.16,1.56,1.91,2.13,2.49,2.87
"2015-12-14","5103800","135.929993","64318700","111.872953","46768900","55.139999","19357100","34.169257",2021.939941,0.13,0.26,0.54,0.68,0.97,1.25,1.66,2.02,2.23,2.59,2.96
"2015-12-15","4207900","137.789993","52978100","109.893688","39459000","55.200001","24051300","34.873062",2043.410034,0.21,0.25,0.54,0.69,0.98,1.29,1.71,2.06,2.28,2.62,3
"2015-12-16","4313300","139.289993","56238500","110.739099","37245900","56.130001","23257900","34.992013",2073.070068,0.2,0.27,0.51,0.7,1.02,1.35,1.75,2.11,2.3,2.65,3.02
"2015-12-17","4048600","136.75","44772800","108.391842","41206000","55.700001","24963600","34.605417",2041.890015,0.18,0.23,0.48,0.69,1,1.33,1.73,2.05,2.24,2.57,2.94
"2015-12-18","8983100","134.899994","96453300","105.457759","83629500","54.130001","41336600","33.57449",2005.550049,0.16,0.19,0.47,0.67,0.97,1.27,1.67,2,2.19,2.54,2.9
"2015-12-21","4673500","135.5","47590600","106.750746","36905800","54.830002","18006800","33.941264",2021.150024,0.14,0.24,0.51,0.64,0.96,1.28,1.67,2,2.2,2.55,2.92
"2015-12-22","4081000","137.929993","32789400","106.651287","28300300","55.349998","18422000","34.426987",2038.969971,0.19,0.21,0.47,0.66,0.99,1.31,1.71,2.04,2.24,2.6,2.96
"2015-12-23","5042600","138.539993","32657400","108.023837","27029300","55.82","12526500","34.694632",2064.290039,0.19,0.2,0.47,0.65,1.01,1.32,1.74,2.07,2.27,2.64,3
"2015-12-24","1495200","138.25","13596700","107.446965","9558500","55.669998","5893800","34.674806",2060.98999,0.15,0.2,0.49,0.64,1.03,1.33,1.73,2.06,2.25,2.61,2.96
"2015-12-28","3106900","137.610001","26704200","106.243496","21698000","55.950001","9449400","34.625243",2056.5,0.13,0.23,0.51,0.66,1.05,1.33,1.73,2.05,2.24,2.59,2.95
"2015-12-29","3918700","139.779999","30931200","108.153132","27489200","56.549999","14188600","35.130791",2078.360107,0.18,0.23,0.5,0.67,1.09,1.38,1.81,2.12,2.32,2.69,3.04
"2015-12-30","2985600","139.339996","25213800","106.740798","21650300","56.310001","11566800","34.684721",2063.360107,0.08,0.21,0.47,0.64,1.08,1.36,1.8,2.14,2.31,2.69,3.04
"2015-12-31","3443300","137.619995","40912300","104.691918","26529600","55.48","14736700","34.149431",2043.939941,0.14,0.16,0.49,0.65,1.06,1.31,1.76,2.09,2.27,2.67,3.01
